{"stats":{"minecraft:killed":{"minecraft:zombie":2},"minecraft:picked_up":{"minecraft:rotten_flesh":3},"minecraft:used":{"minecraft:rotten_flesh":3},"minecraft:mined":{"minecraft:birch_leaves":1},"minecraft:custom":{"minecraft:jump":81,"minecraft:time_since_rest":77,"minecraft:damage_dealt":666,"minecraft:leave_game":1,"minecraft:deaths":2,"minecraft:sprint_one_cm":7292,"minecraft:play_time":2855,"minecraft:damage_taken":545,"minecraft:time_since_death":54,"minecraft:walk_one_cm":2133,"minecraft:total_world_time":2855,"minecraft:mob_kills":2,"minecraft:fall_one_cm":4875,"minecraft:fly_one_cm":14016},"minecraft:killed_by":{"minecraft:zombie":1,"minecraft:skeleton":1}},"DataVersion":3465}